[{"name":"bulbasaur","tier":"LC"},{"name":"ivysaur","tier":"NFE"},{"name":"venusaur","tier":"NUBL"},{"name":"venusaurmega","tier":"OU"},{"name":"charmander","tier":"LC"},{"name":"charmeleon","tier":"NFE"},{"name":"charizard","tier":"PUBL"},{"name":"charizardmegax","tier":"OU"},{"name":"charizardmegay","tier":"UUBL"},{"name":"squirtle","tier":"LC"},{"name":"wartortle","tier":"NFE"},{"name":"blastoise","tier":"NU"},{"name":"blastoisemega","tier":"RU"},{"name":"caterpie","tier":"LC"},{"name":"metapod","tier":"NFE"},{"name":"butterfree","tier":"PU"},{"name":"weedle","tier":"LC"},{"name":"kakuna","tier":"NFE"},{"name":"beedrill","tier":"PU"},{"name":"beedrillmega","tier":"UU"},{"name":"pidgey","tier":"LC"},{"name":"pidgeotto","tier":"NFE"},{"name":"pidgeot","tier":"PU"},{"name":"pidgeotmega","tier":"UU"},{"name":"rattata","tier":"LC"},{"name":"rattataalola","tier":"LC"},{"name":"raticate","tier":"PU"},{"name":"raticatealola","tier":"PU"},{"name":"raticatealolatotem"},{"name":"spearow","tier":"LC"},{"name":"fearow","tier":"PU"},{"name":"ekans","tier":"LC"},{"name":"arbok","tier":"PU"},{"name":"pichu","tier":"LC"},{"name":"pichuspikyeared","tier":"Illegal"},{"name":"pikachu","tier":"NFE"},{"name":"pikachucosplay","tier":"Illegal"},{"name":"pikachurockstar","tier":"Illegal"},{"name":"pikachubelle","tier":"Illegal"},{"name":"pikachupopstar","tier":"Illegal"},{"name":"pikachuphd","tier":"Illegal"},{"name":"pikachulibre","tier":"Illegal"},{"name":"pikachuoriginal","tier":"PU"},{"name":"pikachuhoenn","tier":"PU"},{"name":"pikachusinnoh","tier":"PU"},{"name":"pikachuunova","tier":"PU"},{"name":"pikachukalos","tier":"PU"},{"name":"pikachualola","tier":"PU"},{"name":"pikachupartner","tier":"PU"},{"name":"raichu","tier":"PU"},{"name":"raichualola","tier":"PU"},{"name":"sandshrew","tier":"LC"},{"name":"sandshrewalola","tier":"LC"},{"name":"sandslash","tier":"PU"},{"name":"sandslashalola","tier":"PU"},{"name":"nidoranf","tier":"LC"},{"name":"nidorina","tier":"NFE"},{"name":"nidoqueen","tier":"RU"},{"name":"nidoranm","tier":"LC"},{"name":"nidorino","tier":"NFE"},{"name":"nidoking","tier":"UU"},{"name":"cleffa","tier":"LC"},{"name":"clefairy","tier":"PU"},{"name":"clefable","tier":"OU"},{"name":"vulpix","tier":"LC Uber"},{"name":"vulpixalola","tier":"LC"},{"name":"ninetales","tier":"PU"},{"name":"ninetalesalola","tier":"UUBL"},{"name":"igglybuff","tier":"LC"},{"name":"jigglypuff","tier":"NFE"},{"name":"wigglytuff","tier":"PU"},{"name":"zubat","tier":"LC"},{"name":"golbat","tier":"NU"},{"name":"crobat","tier":"UU"},{"name":"oddish","tier":"LC"},{"name":"gloom","tier":"NFE"},{"name":"vileplume","tier":"NU"},{"name":"bellossom","tier":"PU"},{"name":"paras","tier":"LC"},{"name":"parasect","tier":"PU"},{"name":"venonat","tier":"LC"},{"name":"venomoth","tier":"RUBL"},{"name":"diglett","tier":"LC"},{"name":"diglettalola","tier":"LC"},{"name":"dugtrio","tier":"PU"},{"name":"dugtrioalola","tier":"PU"},{"name":"meowth","tier":"LC"},{"name":"meowthalola","tier":"LC"},{"name":"persian","tier":"PU"},{"name":"persianalola","tier":"PU"},{"name":"psyduck","tier":"LC"},{"name":"golduck","tier":"PU"},{"name":"mankey","tier":"LC"},{"name":"primeape","tier":"PU"},{"name":"growlithe","tier":"LC"},{"name":"arcanine","tier":"UU"},{"name":"poliwag","tier":"LC"},{"name":"poliwhirl","tier":"NFE"},{"name":"poliwrath","tier":"PU"},{"name":"politoed","tier":"PU"},{"name":"abra","tier":"LC"},{"name":"kadabra","tier":"NFE"},{"name":"alakazam","tier":"UUBL"},{"name":"alakazammega","tier":"OU"},{"name":"machop","tier":"LC"},{"name":"machoke","tier":"NFE"},{"name":"machamp","tier":"RU"},{"name":"bellsprout","tier":"LC"},{"name":"weepinbell","tier":"NFE"},{"name":"victreebel","tier":"PU"},{"name":"tentacool","tier":"LC"},{"name":"tentacruel","tier":"UU"},{"name":"geodude","tier":"LC"},{"name":"geodudealola","tier":"LC"},{"name":"graveler","tier":"NFE"},{"name":"graveleralola","tier":"NFE"},{"name":"golem","tier":"PU"},{"name":"golemalola","tier":"PU"},{"name":"ponyta","tier":"LC"},{"name":"rapidash","tier":"PU"},{"name":"slowpoke","tier":"LC"},{"name":"slowbro","tier":"NU"},{"name":"slowbromega","tier":"UU"},{"name":"slowking","tier":"NU"},{"name":"magnemite","tier":"LC"},{"name":"magneton","tier":"UU"},{"name":"magnezone","tier":"OU"},{"name":"farfetchd","tier":"PU"},{"name":"doduo","tier":"LC"},{"name":"dodrio","tier":"NU"},{"name":"seel","tier":"LC"},{"name":"dewgong","tier":"PU"},{"name":"grimer","tier":"LC"},{"name":"grimeralola","tier":"LC"},{"name":"muk","tier":"PU"},{"name":"mukalola","tier":"UU"},{"name":"shellder","tier":"LC"},{"name":"cloyster","tier":"RU"},{"name":"gastly","tier":"LC"},{"name":"haunter","tier":"PU"},{"name":"gengar","tier":"UU"},{"name":"gengarmega","tier":"Uber"},{"name":"onix","tier":"LC"},{"name":"steelix","tier":"NU"},{"name":"steelixmega","tier":"RU"},{"name":"drowzee","tier":"LC"},{"name":"hypno","tier":"PU"},{"name":"krabby","tier":"LC"},{"name":"kingler","tier":"PU"},{"name":"voltorb","tier":"LC"},{"name":"electrode","tier":"PU"},{"name":"exeggcute","tier":"LC"},{"name":"exeggutor","tier":"PU"},{"name":"exeggutoralola","tier":"PU"},{"name":"cubone","tier":"LC"},{"name":"marowak","tier":"PU"},{"name":"marowakalola","tier":"UU"},{"name":"marowakalolatotem"},{"name":"tyrogue","tier":"LC"},{"name":"hitmonlee","tier":"NU"},{"name":"hitmonchan","tier":"PU"},{"name":"hitmontop","tier":"NU"},{"name":"lickitung","tier":"LC"},{"name":"lickilicky","tier":"PU"},{"name":"koffing","tier":"LC"},{"name":"weezing","tier":"PU"},{"name":"rhyhorn","tier":"LC"},{"name":"rhydon","tier":"NU"},{"name":"rhyperior","tier":"RU"},{"name":"happiny","tier":"LC"},{"name":"chansey","tier":"OU"},{"name":"blissey","tier":"UU"},{"name":"tangela","tier":"LC Uber"},{"name":"tangrowth","tier":"OU"},{"name":"kangaskhan","tier":"PU"},{"name":"kangaskhanmega","tier":"Uber"},{"name":"horsea","tier":"LC"},{"name":"seadra","tier":"NFE"},{"name":"kingdra","tier":"NUBL"},{"name":"goldeen","tier":"LC"},{"name":"seaking","tier":"PU"},{"name":"staryu","tier":"LC"},{"name":"starmie","tier":"UU"},{"name":"mimejr","tier":"LC"},{"name":"mrmime","tier":"PU"},{"name":"scyther","tier":"NU"},{"name":"scizor","tier":"UU"},{"name":"scizormega","tier":"OU"},{"name":"smoochum","tier":"LC"},{"name":"jynx","tier":"PU"},{"name":"elekid","tier":"LC"},{"name":"electabuzz","tier":"NFE"},{"name":"electivire","tier":"PU"},{"name":"magby","tier":"LC"},{"name":"magmar","tier":"NFE"},{"name":"magmortar","tier":"PUBL"},{"name":"pinsir","tier":"PU"},{"name":"pinsirmega","tier":"OU"},{"name":"tauros","tier":"PUBL"},{"name":"magikarp","tier":"LC"},{"name":"gyarados","tier":"UUBL"},{"name":"gyaradosmega","tier":"OU"},{"name":"lapras","tier":"PU"},{"name":"ditto","tier":"PU"},{"name":"eevee","tier":"LC"},{"name":"vaporeon","tier":"NU"},{"name":"jolteon","tier":"RU"},{"name":"flareon","tier":"PU"},{"name":"espeon","tier":"RU"},{"name":"umbreon","tier":"RU"},{"name":"leafeon","tier":"PU"},{"name":"glaceon","tier":"PU"},{"name":"porygon","tier":"LC Uber"},{"name":"porygon2","tier":"RU"},{"name":"porygonz","tier":"UUBL"},{"name":"omanyte","tier":"LC"},{"name":"omastar","tier":"NU"},{"name":"kabuto","tier":"LC"},{"name":"kabutops","tier":"PU"},{"name":"aerodactyl","tier":"RU"},{"name":"aerodactylmega","tier":"UU"},{"name":"munchlax","tier":"LC"},{"name":"snorlax","tier":"RU"},{"name":"articuno","tier":"PU"},{"name":"zapdos","tier":"OU"},{"name":"moltres","tier":"RU"},{"name":"dratini","tier":"LC"},{"name":"dragonair","tier":"NFE"},{"name":"dragonite","tier":"UUBL"},{"name":"mewtwo","tier":"Uber"},{"name":"mewtwomegax","tier":"Uber"},{"name":"mewtwomegay","tier":"Uber"},{"name":"mew","tier":"OU"},{"name":"chikorita","tier":"LC"},{"name":"bayleef","tier":"NFE"},{"name":"meganium","tier":"PU"},{"name":"cyndaquil","tier":"LC"},{"name":"quilava","tier":"NFE"},{"name":"typhlosion","tier":"PUBL"},{"name":"totodile","tier":"LC"},{"name":"croconaw","tier":"NFE"},{"name":"feraligatr","tier":"RU"},{"name":"sentret","tier":"LC"},{"name":"furret","tier":"PU"},{"name":"hoothoot","tier":"LC"},{"name":"noctowl","tier":"PU"},{"name":"ledyba","tier":"LC"},{"name":"ledian","tier":"PU"},{"name":"spinarak","tier":"LC"},{"name":"ariados","tier":"PU"},{"name":"chinchou","tier":"LC"},{"name":"lanturn","tier":"PU"},{"name":"togepi","tier":"LC"},{"name":"togetic","tier":"NFE"},{"name":"togekiss","tier":"UU"},{"name":"natu","tier":"LC"},{"name":"xatu","tier":"NU"},{"name":"mareep","tier":"LC"},{"name":"flaaffy","tier":"NFE"},{"name":"ampharos","tier":"PU"},{"name":"ampharosmega","tier":"RU"},{"name":"azurill","tier":"LC"},{"name":"marill","tier":"NFE"},{"name":"azumarill","tier":"UUBL"},{"name":"bonsly","tier":"LC"},{"name":"sudowoodo","tier":"PU"},{"name":"hoppip","tier":"LC"},{"name":"skiploom","tier":"NFE"},{"name":"jumpluff","tier":"PU"},{"name":"aipom","tier":"LC Uber"},{"name":"ambipom","tier":"NU"},{"name":"sunkern","tier":"LC"},{"name":"sunflora","tier":"PU"},{"name":"yanma","tier":"LC Uber"},{"name":"yanmega","tier":"RU"},{"name":"wooper","tier":"LC"},{"name":"quagsire","tier":"RU"},{"name":"murkrow","tier":"LC Uber"},{"name":"honchkrow","tier":"RU"},{"name":"misdreavus","tier":"LC Uber"},{"name":"mismagius","tier":"NU"},{"name":"unown","tier":"PU"},{"name":"wynaut","tier":"LC"},{"name":"wobbuffet","tier":"PU"},{"name":"girafarig","tier":"PU"},{"name":"pineco","tier":"LC"},{"name":"forretress","tier":"RU"},{"name":"dunsparce","tier":"PU"},{"name":"gligar","tier":"RU"},{"name":"gliscor","tier":"UU"},{"name":"snubbull","tier":"LC"},{"name":"granbull","tier":"PU"},{"name":"qwilfish","tier":"NU"},{"name":"shuckle","tier":"PU"},{"name":"heracross","tier":"UU"},{"name":"heracrossmega","tier":"UUBL"},{"name":"sneasel","tier":"NU"},{"name":"weavile","tier":"UUBL"},{"name":"teddiursa","tier":"LC"},{"name":"ursaring","tier":"PU"},{"name":"slugma","tier":"LC"},{"name":"magcargo","tier":"PU"},{"name":"swinub","tier":"LC"},{"name":"piloswine","tier":"NU"},{"name":"mamoswine","tier":"OU"},{"name":"corsola","tier":"PU"},{"name":"remoraid","tier":"LC"},{"name":"octillery","tier":"PU"},{"name":"delibird","tier":"PU"},{"name":"mantyke","tier":"LC"},{"name":"mantine","tier":"UU"},{"name":"skarmory","tier":"OU"},{"name":"houndour","tier":"LC"},{"name":"houndoom","tier":"NU"},{"name":"houndoommega","tier":"RUBL"},{"name":"phanpy","tier":"LC"},{"name":"donphan","tier":"RU"},{"name":"stantler","tier":"PU"},{"name":"smeargle","tier":"PU"},{"name":"pokestarsmeargle","tier":"Illegal"},{"name":"miltank","tier":"NU"},{"name":"raikou","tier":"UU"},{"name":"entei","tier":"RU"},{"name":"suicune","tier":"UU"},{"name":"larvitar","tier":"LC"},{"name":"pupitar","tier":"NFE"},{"name":"tyranitar","tier":"OU"},{"name":"tyranitarmega","tier":"(OU)"},{"name":"lugia","tier":"Uber"},{"name":"hooh","tier":"Uber"},{"name":"celebi","tier":"UU"},{"name":"treecko","tier":"LC"},{"name":"grovyle","tier":"NFE"},{"name":"sceptile","tier":"NU"},{"name":"sceptilemega","tier":"UU"},{"name":"torchic","tier":"LC Uber"},{"name":"combusken","tier":"NFE"},{"name":"blaziken","tier":"Uber"},{"name":"blazikenmega","tier":"Uber"},{"name":"mudkip","tier":"LC"},{"name":"marshtomp","tier":"NFE"},{"name":"swampert","tier":"UU"},{"name":"swampertmega","tier":"OU"},{"name":"poochyena","tier":"LC"},{"name":"mightyena","tier":"PU"},{"name":"zigzagoon","tier":"LC"},{"name":"linoone","tier":"RU"},{"name":"wurmple","tier":"LC"},{"name":"silcoon","tier":"NFE"},{"name":"beautifly","tier":"PU"},{"name":"cascoon","tier":"NFE"},{"name":"dustox","tier":"PU"},{"name":"lotad","tier":"LC"},{"name":"lombre","tier":"NFE"},{"name":"ludicolo","tier":"PU"},{"name":"seedot","tier":"LC"},{"name":"nuzleaf","tier":"NFE"},{"name":"shiftry","tier":"PU"},{"name":"taillow","tier":"LC"},{"name":"swellow","tier":"RU"},{"name":"wingull","tier":"LC"},{"name":"pelipper","tier":"OU"},{"name":"ralts","tier":"LC"},{"name":"kirlia","tier":"NFE"},{"name":"gardevoir","tier":"RU"},{"name":"gardevoirmega","tier":"UUBL"},{"name":"gallade","tier":"PUBL"},{"name":"gallademega","tier":"UUBL"},{"name":"surskit","tier":"LC"},{"name":"masquerain","tier":"PU"},{"name":"shroomish","tier":"LC"},{"name":"breloom","tier":"UUBL"},{"name":"slakoth","tier":"LC"},{"name":"vigoroth","tier":"NFE"},{"name":"slaking","tier":"PU"},{"name":"nincada","tier":"LC"},{"name":"ninjask","tier":"PU"},{"name":"shedinja","tier":"PU"},{"name":"whismur","tier":"LC"},{"name":"loudred","tier":"NFE"},{"name":"exploud","tier":"NUBL"},{"name":"makuhita","tier":"LC"},{"name":"hariyama","tier":"NU"},{"name":"nosepass","tier":"LC"},{"name":"probopass","tier":"PU"},{"name":"skitty","tier":"LC"},{"name":"delcatty","tier":"PU"},{"name":"sableye","tier":"PU"},{"name":"sableyemega","tier":"OU"},{"name":"mawile","tier":"PU"},{"name":"mawilemega","tier":"OU"},{"name":"aron","tier":"LC"},{"name":"lairon","tier":"NFE"},{"name":"aggron","tier":"PU"},{"name":"aggronmega","tier":"UU"},{"name":"meditite","tier":"LC Uber"},{"name":"medicham","tier":"NU"},{"name":"medichammega","tier":"OU"},{"name":"electrike","tier":"LC"},{"name":"manectric","tier":"PU"},{"name":"manectricmega","tier":"UU"},{"name":"plusle","tier":"PU"},{"name":"minun","tier":"PU"},{"name":"volbeat","tier":"PU"},{"name":"illumise","tier":"PU"},{"name":"budew","tier":"LC"},{"name":"roselia","tier":"NFE"},{"name":"roserade","tier":"RU"},{"name":"gulpin","tier":"LC"},{"name":"swalot","tier":"PU"},{"name":"carvanha","tier":"LC"},{"name":"sharpedo","tier":"RUBL"},{"name":"sharpedomega","tier":"UU"},{"name":"wailmer","tier":"LC"},{"name":"wailord","tier":"PU"},{"name":"numel","tier":"LC"},{"name":"camerupt","tier":"PU"},{"name":"cameruptmega","tier":"NUBL"},{"name":"torkoal","tier":"PU"},{"name":"spoink","tier":"LC"},{"name":"grumpig","tier":"PU"},{"name":"spinda","tier":"PU"},{"name":"trapinch","tier":"LC"},{"name":"vibrava","tier":"NFE"},{"name":"flygon","tier":"RU"},{"name":"cacnea","tier":"LC"},{"name":"cacturne","tier":"PU"},{"name":"swablu","tier":"LC"},{"name":"altaria","tier":"NU"},{"name":"altariamega","tier":"UU"},{"name":"zangoose","tier":"PU"},{"name":"seviper","tier":"PU"},{"name":"lunatone","tier":"PU"},{"name":"solrock","tier":"PU"},{"name":"barboach","tier":"LC"},{"name":"whiscash","tier":"PU"},{"name":"corphish","tier":"LC"},{"name":"crawdaunt","tier":"UU"},{"name":"baltoy","tier":"LC"},{"name":"claydol","tier":"PU"},{"name":"lileep","tier":"LC"},{"name":"cradily","tier":"PU"},{"name":"anorith","tier":"LC"},{"name":"armaldo","tier":"PU"},{"name":"feebas","tier":"LC"},{"name":"milotic","tier":"RU"},{"name":"castform","tier":"PU"},{"name":"castformsunny"},{"name":"castformrainy"},{"name":"castformsnowy"},{"name":"kecleon","tier":"PU"},{"name":"shuppet","tier":"LC"},{"name":"banette","tier":"PU"},{"name":"banettemega","tier":"RU"},{"name":"duskull","tier":"LC"},{"name":"dusclops","tier":"NFE"},{"name":"dusknoir","tier":"PU"},{"name":"tropius","tier":"PU"},{"name":"chingling","tier":"LC"},{"name":"chimecho","tier":"PU"},{"name":"absol","tier":"PU"},{"name":"absolmega","tier":"RUBL"},{"name":"snorunt","tier":"LC"},{"name":"glalie","tier":"PU"},{"name":"glaliemega","tier":"RU"},{"name":"froslass","tier":"NU"},{"name":"spheal","tier":"LC"},{"name":"sealeo","tier":"NFE"},{"name":"walrein","tier":"PU"},{"name":"clamperl","tier":"LC"},{"name":"huntail","tier":"PU"},{"name":"gorebyss","tier":"PU"},{"name":"relicanth","tier":"PU"},{"name":"luvdisc","tier":"PU"},{"name":"bagon","tier":"LC"},{"name":"shelgon","tier":"NFE"},{"name":"salamence","tier":"UUBL"},{"name":"salamencemega","tier":"Uber"},{"name":"beldum","tier":"LC"},{"name":"metang","tier":"NFE"},{"name":"metagross","tier":"UU"},{"name":"metagrossmega","tier":"Uber"},{"name":"regirock","tier":"PU"},{"name":"regice","tier":"PU"},{"name":"registeel","tier":"RU"},{"name":"latias","tier":"UU"},{"name":"latiasmega","tier":"OU"},{"name":"latios","tier":"OU"},{"name":"latiosmega","tier":"OU"},{"name":"kyogre","tier":"Uber"},{"name":"kyogreprimal"},{"name":"groudon","tier":"Uber"},{"name":"groudonprimal"},{"name":"rayquaza","tier":"Uber"},{"name":"rayquazamega","tier":"AG"},{"name":"jirachi","tier":"OU"},{"name":"deoxys","tier":"Uber"},{"name":"deoxysattack","tier":"Uber"},{"name":"deoxysdefense","tier":"Uber"},{"name":"deoxysspeed","tier":"Uber"},{"name":"turtwig","tier":"LC"},{"name":"grotle","tier":"NFE"},{"name":"torterra","tier":"PU"},{"name":"chimchar","tier":"LC"},{"name":"monferno","tier":"NFE"},{"name":"infernape","tier":"UU"},{"name":"piplup","tier":"LC"},{"name":"prinplup","tier":"NFE"},{"name":"empoleon","tier":"UU"},{"name":"starly","tier":"LC"},{"name":"staravia","tier":"NFE"},{"name":"staraptor","tier":"UUBL"},{"name":"bidoof","tier":"LC"},{"name":"bibarel","tier":"PU"},{"name":"kricketot","tier":"LC"},{"name":"kricketune","tier":"PU"},{"name":"shinx","tier":"LC"},{"name":"luxio","tier":"NFE"},{"name":"luxray","tier":"PU"},{"name":"cranidos","tier":"LC"},{"name":"rampardos","tier":"PU"},{"name":"shieldon","tier":"LC"},{"name":"bastiodon","tier":"PU"},{"name":"burmy","tier":"LC"},{"name":"wormadam","tier":"PU"},{"name":"wormadamsandy","tier":"PU"},{"name":"wormadamtrash","tier":"PU"},{"name":"mothim","tier":"PU"},{"name":"combee","tier":"LC"},{"name":"vespiquen","tier":"PU"},{"name":"pachirisu","tier":"PU"},{"name":"buizel","tier":"LC"},{"name":"floatzel","tier":"PU"},{"name":"cherubi","tier":"LC"},{"name":"cherrim","tier":"PU"},{"name":"cherrimsunshine"},{"name":"shellos","tier":"LC"},{"name":"gastrodon","tier":"PU"},{"name":"drifloon","tier":"LC Uber"},{"name":"drifblim","tier":"PU"},{"name":"buneary","tier":"LC"},{"name":"lopunny","tier":"PU"},{"name":"lopunnymega","tier":"OU"},{"name":"glameow","tier":"LC"},{"name":"purugly","tier":"PU"},{"name":"stunky","tier":"LC"},{"name":"skuntank","tier":"PU"},{"name":"bronzor","tier":"LC"},{"name":"bronzong","tier":"RU"},{"name":"chatot","tier":"PU"},{"name":"spiritomb","tier":"PU"},{"name":"gible","tier":"LC"},{"name":"gabite","tier":"NFE"},{"name":"garchomp","tier":"OU"},{"name":"garchompmega","tier":"(OU)"},{"name":"riolu","tier":"LC"},{"name":"lucario","tier":"RUBL"},{"name":"lucariomega","tier":"Uber"},{"name":"hippopotas","tier":"LC"},{"name":"hippowdon","tier":"UU"},{"name":"skorupi","tier":"LC"},{"name":"drapion","tier":"RU"},{"name":"croagunk","tier":"LC"},{"name":"toxicroak","tier":"NU"},{"name":"carnivine","tier":"PU"},{"name":"finneon","tier":"LC"},{"name":"lumineon","tier":"PU"},{"name":"snover","tier":"LC"},{"name":"abomasnow","tier":"PU"},{"name":"abomasnowmega","tier":"NUBL"},{"name":"rotom","tier":"NU"},{"name":"rotomheat","tier":"RU"},{"name":"rotomwash","tier":"OU"},{"name":"rotomfrost","tier":"PU"},{"name":"rotomfan","tier":"PU"},{"name":"rotommow","tier":"RU"},{"name":"uxie","tier":"NU"},{"name":"mesprit","tier":"PU"},{"name":"azelf","tier":"UU"},{"name":"dialga","tier":"Uber"},{"name":"palkia","tier":"Uber"},{"name":"heatran","tier":"OU"},{"name":"regigigas","tier":"PU"},{"name":"giratina","tier":"Uber"},{"name":"giratinaorigin","tier":"Uber"},{"name":"cresselia","tier":"RU"},{"name":"phione","tier":"PU"},{"name":"manaphy","tier":"UUBL"},{"name":"darkrai","tier":"Uber"},{"name":"shaymin","tier":"RU"},{"name":"shayminsky","tier":"Uber"},{"name":"arceus","tier":"Uber"},{"name":"arceusbug"},{"name":"arceusdark"},{"name":"arceusdragon"},{"name":"arceuselectric"},{"name":"arceusfairy"},{"name":"arceusfighting"},{"name":"arceusfire"},{"name":"arceusflying"},{"name":"arceusghost"},{"name":"arceusgrass"},{"name":"arceusground"},{"name":"arceusice"},{"name":"arceuspoison"},{"name":"arceuspsychic"},{"name":"arceusrock"},{"name":"arceussteel"},{"name":"arceuswater"},{"name":"victini","tier":"OU"},{"name":"snivy","tier":"LC"},{"name":"servine","tier":"NFE"},{"name":"serperior","tier":"UU"},{"name":"tepig","tier":"LC"},{"name":"pignite","tier":"NFE"},{"name":"emboar","tier":"RU"},{"name":"oshawott","tier":"LC"},{"name":"dewott","tier":"NFE"},{"name":"samurott","tier":"PUBL"},{"name":"patrat","tier":"LC"},{"name":"watchog","tier":"PU"},{"name":"lillipup","tier":"LC"},{"name":"herdier","tier":"NFE"},{"name":"stoutland","tier":"PU"},{"name":"purrloin","tier":"LC"},{"name":"liepard","tier":"PU"},{"name":"pansage","tier":"LC"},{"name":"simisage","tier":"PU"},{"name":"pansear","tier":"LC"},{"name":"simisear","tier":"PU"},{"name":"panpour","tier":"LC"},{"name":"simipour","tier":"PU"},{"name":"munna","tier":"LC"},{"name":"musharna","tier":"PU"},{"name":"pidove","tier":"LC"},{"name":"tranquill","tier":"NFE"},{"name":"unfezant","tier":"PU"},{"name":"blitzle","tier":"LC"},{"name":"zebstrika","tier":"PU"},{"name":"roggenrola","tier":"LC"},{"name":"boldore","tier":"NFE"},{"name":"gigalith","tier":"NUBL"},{"name":"woobat","tier":"LC"},{"name":"swoobat","tier":"PU"},{"name":"drilbur","tier":"LC"},{"name":"excadrill","tier":"OU"},{"name":"audino","tier":"PU"},{"name":"audinomega","tier":"NU"},{"name":"timburr","tier":"LC"},{"name":"gurdurr","tier":"PU"},{"name":"conkeldurr","tier":"UUBL"},{"name":"tympole","tier":"LC"},{"name":"palpitoad","tier":"NFE"},{"name":"seismitoad","tier":"UU"},{"name":"throh","tier":"PU"},{"name":"sawk","tier":"PUBL"},{"name":"sewaddle","tier":"LC"},{"name":"swadloon","tier":"NFE"},{"name":"leavanny","tier":"PU"},{"name":"venipede","tier":"LC"},{"name":"whirlipede","tier":"NFE"},{"name":"scolipede","tier":"UUBL"},{"name":"cottonee","tier":"LC"},{"name":"whimsicott","tier":"NU"},{"name":"petilil","tier":"LC"},{"name":"lilligant","tier":"PU"},{"name":"basculin","tier":"PU"},{"name":"basculinbluestriped","tier":"PU"},{"name":"sandile","tier":"LC"},{"name":"krokorok","tier":"NFE"},{"name":"krookodile","tier":"UU"},{"name":"darumaka","tier":"LC"},{"name":"darmanitan","tier":"UU"},{"name":"darmanitanzen"},{"name":"maractus","tier":"PU"},{"name":"dwebble","tier":"LC"},{"name":"crustle","tier":"PU"},{"name":"scraggy","tier":"LC"},{"name":"scrafty","tier":"NU"},{"name":"sigilyph","tier":"NU"},{"name":"yamask","tier":"LC"},{"name":"cofagrigus","tier":"NUBL"},{"name":"tirtouga","tier":"LC"},{"name":"carracosta","tier":"PU"},{"name":"archen","tier":"LC"},{"name":"archeops","tier":"PUBL"},{"name":"trubbish","tier":"LC"},{"name":"garbodor","tier":"NU"},{"name":"zorua","tier":"LC"},{"name":"zoroark","tier":"RUBL"},{"name":"minccino","tier":"LC"},{"name":"cinccino","tier":"NU"},{"name":"gothita","tier":"LC Uber"},{"name":"gothorita","tier":"NFE"},{"name":"gothitelle","tier":"PU"},{"name":"solosis","tier":"LC"},{"name":"duosion","tier":"NFE"},{"name":"reuniclus","tier":"RUBL"},{"name":"ducklett","tier":"LC"},{"name":"swanna","tier":"PU"},{"name":"vanillite","tier":"LC"},{"name":"vanillish","tier":"NFE"},{"name":"vanilluxe","tier":"NU"},{"name":"deerling","tier":"LC"},{"name":"sawsbuck","tier":"PU"},{"name":"emolga","tier":"PU"},{"name":"karrablast","tier":"LC"},{"name":"escavalier","tier":"RU"},{"name":"foongus","tier":"LC"},{"name":"amoonguss","tier":"OU"},{"name":"frillish","tier":"LC"},{"name":"jellicent","tier":"NU"},{"name":"alomomola","tier":"UU"},{"name":"joltik","tier":"LC"},{"name":"galvantula","tier":"RU"},{"name":"ferroseed","tier":"PU"},{"name":"ferrothorn","tier":"OU"},{"name":"klink","tier":"LC"},{"name":"klang","tier":"NFE"},{"name":"klinklang","tier":"NU"},{"name":"tynamo","tier":"LC"},{"name":"eelektrik","tier":"NFE"},{"name":"eelektross","tier":"PU"},{"name":"elgyem","tier":"LC"},{"name":"beheeyem","tier":"PU"},{"name":"litwick","tier":"LC"},{"name":"lampent","tier":"NFE"},{"name":"chandelure","tier":"UU"},{"name":"axew","tier":"LC"},{"name":"fraxure","tier":"NFE"},{"name":"haxorus","tier":"UU"},{"name":"cubchoo","tier":"LC"},{"name":"beartic","tier":"PU"},{"name":"cryogonal","tier":"NU"},{"name":"shelmet","tier":"LC"},{"name":"accelgor","tier":"NU"},{"name":"stunfisk","tier":"PU"},{"name":"mienfoo","tier":"LC"},{"name":"mienshao","tier":"RUBL"},{"name":"druddigon","tier":"NU"},{"name":"golett","tier":"LC"},{"name":"golurk","tier":"PU"},{"name":"pawniard","tier":"LC"},{"name":"bisharp","tier":"OU"},{"name":"bouffalant","tier":"PU"},{"name":"rufflet","tier":"LC"},{"name":"braviary","tier":"NU"},{"name":"vullaby","tier":"LC"},{"name":"mandibuzz","tier":"RU"},{"name":"heatmor","tier":"PU"},{"name":"durant","tier":"RUBL"},{"name":"deino","tier":"LC"},{"name":"zweilous","tier":"NFE"},{"name":"hydreigon","tier":"UU"},{"name":"larvesta","tier":"LC"},{"name":"volcarona","tier":"OU"},{"name":"cobalion","tier":"UU"},{"name":"terrakion","tier":"UU"},{"name":"virizion","tier":"RU"},{"name":"tornadus","tier":"RUBL"},{"name":"tornadustherian","tier":"OU"},{"name":"thundurus","tier":"UUBL"},{"name":"thundurustherian","tier":"UUBL"},{"name":"reshiram","tier":"Uber"},{"name":"zekrom","tier":"Uber"},{"name":"landorus","tier":"Uber"},{"name":"landorustherian","tier":"OU"},{"name":"kyurem","tier":"RUBL"},{"name":"kyuremblack","tier":"OU"},{"name":"kyuremwhite","tier":"Uber"},{"name":"keldeo","tier":"OU"},{"name":"keldeoresolute"},{"name":"meloetta","tier":"RU"},{"name":"meloettapirouette"},{"name":"genesect","tier":"Uber"},{"name":"genesectburn"},{"name":"genesectchill"},{"name":"genesectdouse"},{"name":"genesectshock"},{"name":"chespin","tier":"LC"},{"name":"quilladin","tier":"NFE"},{"name":"chesnaught","tier":"RU"},{"name":"fennekin","tier":"LC"},{"name":"braixen","tier":"NFE"},{"name":"delphox","tier":"NU"},{"name":"froakie","tier":"LC"},{"name":"frogadier","tier":"NFE"},{"name":"greninja","tier":"OU"},{"name":"greninjaash","tier":"OU"},{"name":"bunnelby","tier":"LC"},{"name":"diggersby","tier":"UUBL"},{"name":"fletchling","tier":"LC"},{"name":"fletchinder","tier":"NFE"},{"name":"talonflame","tier":"RUBL"},{"name":"scatterbug","tier":"LC"},{"name":"spewpa","tier":"NFE"},{"name":"vivillon","tier":"NU"},{"name":"vivillonfancy"},{"name":"vivillonpokeball"},{"name":"litleo","tier":"LC"},{"name":"pyroar","tier":"PU"},{"name":"flabebe","tier":"LC"},{"name":"floette","tier":"NFE"},{"name":"floetteeternal","tier":"Unreleased"},{"name":"florges","tier":"RU"},{"name":"skiddo","tier":"LC"},{"name":"gogoat","tier":"PU"},{"name":"pancham","tier":"LC"},{"name":"pangoro","tier":"RU"},{"name":"furfrou","tier":"PU"},{"name":"espurr","tier":"LC"},{"name":"meowstic","tier":"PU"},{"name":"meowsticf","tier":"PU"},{"name":"honedge","tier":"LC"},{"name":"doublade","tier":"RU"},{"name":"aegislash","tier":"Uber"},{"name":"aegislashblade"},{"name":"spritzee","tier":"LC"},{"name":"aromatisse","tier":"NU"},{"name":"swirlix","tier":"LC Uber"},{"name":"slurpuff","tier":"NUBL"},{"name":"inkay","tier":"LC"},{"name":"malamar","tier":"NU"},{"name":"binacle","tier":"LC"},{"name":"barbaracle","tier":"NUBL"},{"name":"skrelp","tier":"LC"},{"name":"dragalge","tier":"RU"},{"name":"clauncher","tier":"LC"},{"name":"clawitzer","tier":"NU"},{"name":"helioptile","tier":"LC"},{"name":"heliolisk","tier":"NU"},{"name":"tyrunt","tier":"LC"},{"name":"tyrantrum","tier":"RU"},{"name":"amaura","tier":"LC"},{"name":"aurorus","tier":"PU"},{"name":"sylveon","tier":"UU"},{"name":"hawlucha","tier":"OU"},{"name":"dedenne","tier":"PU"},{"name":"carbink","tier":"PU"},{"name":"goomy","tier":"LC"},{"name":"sliggoo","tier":"NFE"},{"name":"goodra","tier":"RU"},{"name":"klefki","tier":"UU"},{"name":"phantump","tier":"LC"},{"name":"trevenant","tier":"PU"},{"name":"pumpkaboo","tier":"LC"},{"name":"pumpkaboosmall","tier":"LC"},{"name":"pumpkaboolarge","tier":"LC"},{"name":"pumpkaboosuper","tier":"LC"},{"name":"gourgeist","tier":"PU"},{"name":"gourgeistsmall","tier":"PU"},{"name":"gourgeistlarge","tier":"PU"},{"name":"gourgeistsuper","tier":"PU"},{"name":"bergmite","tier":"LC"},{"name":"avalugg","tier":"PU"},{"name":"noibat","tier":"LC"},{"name":"noivern","tier":"NUBL"},{"name":"xerneas","tier":"Uber"},{"name":"yveltal","tier":"Uber"},{"name":"zygarde","tier":"OU"},{"name":"zygarde10","tier":"RU"},{"name":"zygardecomplete","tier":"Uber"},{"name":"diancie","tier":"NU"},{"name":"dianciemega","tier":"OU"},{"name":"hoopa","tier":"RU"},{"name":"hoopaunbound","tier":"OU"},{"name":"volcanion","tier":"UU"},{"name":"rowlet","tier":"LC"},{"name":"dartrix","tier":"NFE"},{"name":"decidueye","tier":"RU"},{"name":"litten","tier":"LC"},{"name":"torracat","tier":"NFE"},{"name":"incineroar","tier":"NU"},{"name":"popplio","tier":"LC"},{"name":"brionne","tier":"NFE"},{"name":"primarina","tier":"UU"},{"name":"pikipek","tier":"LC"},{"name":"trumbeak","tier":"NFE"},{"name":"toucannon","tier":"PU"},{"name":"yungoos","tier":"LC"},{"name":"gumshoos","tier":"PU"},{"name":"gumshoostotem"},{"name":"grubbin","tier":"LC"},{"name":"charjabug","tier":"NFE"},{"name":"vikavolt","tier":"NU"},{"name":"vikavolttotem"},{"name":"crabrawler","tier":"LC"},{"name":"crabominable","tier":"PU"},{"name":"oricorio","tier":"PU"},{"name":"oricoriopompom","tier":"PU"},{"name":"oricoriopau","tier":"PU"},{"name":"oricoriosensu","tier":"PU"},{"name":"cutiefly","tier":"LC Uber"},{"name":"ribombee","tier":"NUBL"},{"name":"ribombeetotem"},{"name":"rockruff","tier":"LC"},{"name":"rockruffdusk","tier":"LC"},{"name":"lycanroc","tier":"PU"},{"name":"lycanrocmidnight","tier":"PU"},{"name":"lycanrocdusk","tier":"RU"},{"name":"wishiwashi","tier":"PU"},{"name":"wishiwashischool"},{"name":"mareanie","tier":"LC"},{"name":"toxapex","tier":"OU"},{"name":"mudbray","tier":"LC"},{"name":"mudsdale","tier":"PU"},{"name":"dewpider","tier":"LC"},{"name":"araquanid","tier":"RU"},{"name":"araquanidtotem"},{"name":"fomantis","tier":"LC"},{"name":"lurantis","tier":"PU"},{"name":"lurantistotem"},{"name":"morelull","tier":"LC"},{"name":"shiinotic","tier":"PU"},{"name":"salandit","tier":"LC"},{"name":"salazzle","tier":"RU"},{"name":"salazzletotem"},{"name":"stufful","tier":"LC"},{"name":"bewear","tier":"RU"},{"name":"bounsweet","tier":"LC"},{"name":"steenee","tier":"NFE"},{"name":"tsareena","tier":"RU"},{"name":"comfey","tier":"NU"},{"name":"oranguru","tier":"PU"},{"name":"passimian","tier":"NU"},{"name":"wimpod","tier":"LC"},{"name":"golisopod","tier":"RU"},{"name":"sandygast","tier":"LC"},{"name":"palossand","tier":"NU"},{"name":"pyukumuku","tier":"PU"},{"name":"typenull","tier":"NFE"},{"name":"silvally","tier":"PU"},{"name":"silvallybug","tier":"PU"},{"name":"silvallydark","tier":"PU"},{"name":"silvallydragon","tier":"PU"},{"name":"silvallyelectric","tier":"PU"},{"name":"silvallyfairy","tier":"PU"},{"name":"silvallyfighting","tier":"PU"},{"name":"silvallyfire","tier":"PU"},{"name":"silvallyflying","tier":"PU"},{"name":"silvallyghost","tier":"PU"},{"name":"silvallygrass","tier":"PU"},{"name":"silvallyground","tier":"PU"},{"name":"silvallyice","tier":"PU"},{"name":"silvallypoison","tier":"PU"},{"name":"silvallypsychic","tier":"PU"},{"name":"silvallyrock","tier":"PU"},{"name":"silvallysteel","tier":"NU"},{"name":"silvallywater","tier":"PU"},{"name":"minior","tier":"NU"},{"name":"miniormeteor"},{"name":"komala","tier":"PU"},{"name":"turtonator","tier":"PU"},{"name":"togedemaru","tier":"PU"},{"name":"togedemarutotem"},{"name":"mimikyu","tier":"OU"},{"name":"mimikyubusted"},{"name":"mimikyutotem"},{"name":"mimikyubustedtotem"},{"name":"bruxish","tier":"NUBL"},{"name":"drampa","tier":"PU"},{"name":"dhelmise","tier":"RU"},{"name":"jangmoo","tier":"LC"},{"name":"hakamoo","tier":"NFE"},{"name":"kommoo","tier":"UU"},{"name":"kommoototem"},{"name":"tapukoko","tier":"OU"},{"name":"tapulele","tier":"OU"},{"name":"tapubulu","tier":"OU"},{"name":"tapufini","tier":"OU"},{"name":"cosmog","tier":"LC"},{"name":"cosmoem","tier":"NFE"},{"name":"solgaleo","tier":"Uber"},{"name":"lunala","tier":"Uber"},{"name":"nihilego","tier":"UU"},{"name":"buzzwole","tier":"UUBL"},{"name":"pheromosa","tier":"Uber"},{"name":"xurkitree","tier":"UUBL"},{"name":"celesteela","tier":"OU"},{"name":"kartana","tier":"OU"},{"name":"guzzlord","tier":"NU"},{"name":"necrozma","tier":"RU"},{"name":"necrozmaduskmane","tier":"Uber"},{"name":"necrozmadawnwings","tier":"Uber"},{"name":"necrozmaultra","tier":"Uber"},{"name":"magearna","tier":"OU"},{"name":"magearnaoriginal","tier":"Unreleased"},{"name":"marshadow","tier":"Uber"},{"name":"poipole","tier":"NFE"},{"name":"naganadel","tier":"Uber"},{"name":"stakataka","tier":"UU"},{"name":"blacephalon","tier":"OU"},{"name":"zeraora","tier":"OU"},{"name":"missingno","tier":"Illegal"},{"name":"tomohawk","tier":"CAP"},{"name":"necturna","tier":"CAP"},{"name":"mollux","tier":"CAP"},{"name":"aurumoth","tier":"CAP"},{"name":"malaconda","tier":"CAP"},{"name":"cawmodore","tier":"CAP"},{"name":"volkraken","tier":"CAP"},{"name":"plasmanta","tier":"CAP"},{"name":"naviathan","tier":"CAP"},{"name":"crucibelle","tier":"CAP"},{"name":"crucibellemega","tier":"CAP"},{"name":"kerfluffle","tier":"CAP"},{"name":"pajantom","tier":"CAP"},{"name":"jumbao","tier":"CAP"},{"name":"syclant","tier":"CAP"},{"name":"revenankh","tier":"CAP"},{"name":"pyroak","tier":"CAP"},{"name":"fidgit","tier":"CAP"},{"name":"stratagem","tier":"CAP"},{"name":"arghonaut","tier":"CAP"},{"name":"kitsunoh","tier":"CAP"},{"name":"cyclohm","tier":"CAP"},{"name":"colossoil","tier":"CAP"},{"name":"krilowatt","tier":"CAP"},{"name":"voodoom","tier":"CAP"},{"name":"syclar","tier":"CAP LC"},{"name":"embirch","tier":"CAP LC"},{"name":"flarelm","tier":"CAP NFE"},{"name":"breezi","tier":"CAP LC"},{"name":"scratchet","tier":"CAP LC"},{"name":"necturine","tier":"CAP LC"},{"name":"cupra","tier":"CAP LC"},{"name":"argalis","tier":"CAP NFE"},{"name":"brattler","tier":"CAP LC"},{"name":"cawdet","tier":"CAP LC"},{"name":"volkritter","tier":"CAP LC"},{"name":"snugglow","tier":"CAP LC"},{"name":"floatoy","tier":"CAP LC"},{"name":"caimanoe","tier":"CAP NFE"},{"name":"pluffle","tier":"CAP LC"},{"name":"rebble","tier":"CAP LC"},{"name":"tactite","tier":"CAP NFE"},{"name":"privatyke","tier":"CAP LC"},{"name":"voodoll","tier":"CAP LC"},{"name":"pokestarufo","tier":"Illegal"},{"name":"pokestarufo2","tier":"Illegal"},{"name":"pokestarbrycenman","tier":"Illegal"},{"name":"pokestarmt","tier":"Illegal"},{"name":"pokestarmt2","tier":"Illegal"},{"name":"pokestartransport","tier":"Illegal"},{"name":"pokestargiant","tier":"Illegal"},{"name":"pokestargiant2","tier":"Illegal"},{"name":"pokestarhumanoid","tier":"Illegal"},{"name":"pokestarmonster","tier":"Illegal"},{"name":"pokestarf00","tier":"Illegal"},{"name":"pokestarf002","tier":"Illegal"},{"name":"pokestarspirit","tier":"Illegal"},{"name":"pokestarblackdoor","tier":"Illegal"},{"name":"pokestarwhitedoor","tier":"Illegal"},{"name":"pokestarblackbelt","tier":"Illegal"},{"name":"pokestargiantpropo2","tier":"Illegal"},{"name":"pokestarufopropu2","tier":"Illegal"}]
